Smiles,Source
CCOC(=O)C=Cc1cnc[nH]1,Enamine
CCOC(=O)C=Cc1cscn1,Enamine
COC(=O)c1cccc(c1)c2cnc[nH]2,Enamine
c1ccc(cc1)c2ccc(cc2)c3cnc[nH]3,Enamine
CCOC(=O)c1cc(n[nH]1)c2cnc[nH]2,Enamine
C1COc2c(O1)cccc2c3cnc[nH]3,Enamine
c1cc(ncn1)c2cnc[nH]2,Enamine
c1cnc2ccc(cc2c1)c3cnc[nH]3,Enamine
c1ccc2ncc(cc2c1)c3cnc[nH]3,Enamine
c1ncc(cn1)c2cnc[nH]2,Enamine
FC(F)(F)C(F)(F)c1cnc[nH]1,Enamine
CC(c1ccccc1)c2cnc[nH]2,Enamine
CC1N=NC(C)C1C2=NCCc3[nH]cnc23,Enamine
Cc1[nH]cnc1CSCC[Si](C)(C)C,Enamine
C[Si](C)(C)CCSCc1cnc[nH]1,Enamine
CC1(C)CCC=C(C1)c2cnc[nH]2,Enamine
Ic1cnn(c1)c2cscn2,Enamine
Clc1cnn(c1)c2cscn2,Enamine
CCC(=O)c1cnn(c1)c2cscn2,Enamine
CC(=O)c1cnn(c1)c2cscn2,Enamine
Ic1cnn(c1)c2cocn2,Enamine
Brc1cnn(c1)c2cocn2,Enamine
Clc1cnn(c1)c2cocn2,Enamine
CCOC(=O)c1cnn(c1)c2cscn2,Enamine
Brc1cnn(c1)c2cscn2,Enamine
Clc1cnn(c1)c2cscn2,Enamine
COC(=O)c1cnn(c1)c2cscn2,Enamine
CCC(=O)c1cnn(c1)c2cscn2,Enamine
CC(=O)c1cnn(c1)c2cscn2,Enamine
CCOC(=O)c1cnn(c1)c2cocn2,Enamine
COC(=O)c1cnn(c1)c2cocn2,Enamine
CCC(=O)c1cnn(c1)c2cocn2,Enamine
CC(=O)c1cnn(c1)c2cocn2,Enamine
CN(C)C=CC(=O)c1cncs1,Enamine
CCOC=CC(=O)c1cscn1,Enamine
CCOC=CC(=O)c1cncs1,Enamine
CCOC(=O)c1ocnc1c2ccnn2C,Enamine
CCOC(=O)c1[nH]cnc1c2ccnn2C,Enamine
COC(=O)C(C)c1cnc[nH]1,Enamine
COC(=O)C(C)c1scnc1C,Enamine
CC1CCC(=O)CC1Cc2cncs2,Enamine
CC1CCC(=O)CC1c2cscn2,Enamine
CC1CCC(=O)CC1c2scnc2C,Enamine
CC1CCC(=O)CC1c2cncs2,Enamine
CC1CCC(=O)CC1Cc2scnc2Cl,Enamine
CC1CCC(=O)CC1Cc2cscn2,Enamine
CCC1CCC(=O)CC1Cc2cncs2,Enamine
CCC1CCC(=O)CC1c2cscn2,Enamine
CCC1CCC(=O)CC1c2scnc2C,Enamine
CCC1CCC(=O)CC1c2cncs2,Enamine
CCC1CCC(=O)CC1Cc2cscn2,Enamine
CCCC1CCC(=O)CC1c2cscn2,Enamine
CCCC1CCC(=O)CC1c2cncs2,Enamine
CC(C)C1CCC(=O)CC1c2cscn2,Enamine
CC(C)C1CCC(=O)CC1c2cncs2,Enamine
CC1(C)CCC(=O)CC1Cc2cncs2,Enamine
CC1(C)CCC(=O)CC1c2cscn2,Enamine
Cc1ncsc1C2CC(=O)CCC2(C)C,Enamine
CC1(C)CCC(=O)CC1c2cncs2,Enamine
CC1(C)CCC(=O)CC1Cc2cscn2,Enamine
CCC(C)c1ncsc1Br,Enamine
COc1cccc(Cl)c1c2cnc[nH]2,Enamine
CCOC1N=CC(=N[C@H]1Cc2cnc[nH]2)OCC,Enamine
CCOC1N=CC(=N[C@@H]1Cc2cnc[nH]2)OCC,Enamine
COC(=O)C=Cc1cncs1,Enamine
COC(=O)C=Cc1cscn1,Enamine
CCOC(=O)C=Cc1cncs1,Enamine
CCOC(=O)C=Cc1scnc1C,Enamine
COC(=O)[C@@H](Cc1cnc[nH]1)N=C=S,Enamine
COC(=O)C=C(C)c1cncs1,Enamine
COC(=O)C=C(C)c1cscn1,Enamine
CCOC(=O)C=C(C)c1cncs1,Enamine
CCOC(=O)C=C(C)c1cscn1,Enamine
CC(C)(Br)COC(=O)c1ocnc1,Enamine
CC(C)(Br)COC(=O)c1cncs1,Enamine
COC(=O)C=Cc1scnc1C,Enamine
CC(C)(Br)COC(=O)c1cnc[nH]1,Enamine
CC(C)(Br)COC(=O)c1cscn1,Enamine
CC(C)(Br)COC(=O)c1cocn1,Enamine
Cc1ccc(c(F)c1)c2cnc[nH]2,Enamine
CCOc1cc(F)ccc1c2cnc[nH]2,Enamine
C1CC(=CCO1)c2cnc[nH]2,Enamine
COc1cccc(c1F)c2cnc[nH]2,Enamine
CCOc1cccc(c1F)c2cnc[nH]2,Enamine
Fc1ccc(Br)cc1c2cnc[nH]2,Enamine
C1CCC(=CC1)c2cnc[nH]2,Enamine
Fc1cc(OCc2ccccc2)ccc1c3cnc[nH]3,Enamine
Fc1cc(OCc2ccccc2)cc(F)c1c3cnc[nH]3,Enamine
Cc1sc(nc1C(F)(F)F)c2cnc[nH]2,Enamine
CN(C)Cc1cnc(s1)c2cnc[nH]2,Enamine
c1cc(c2cnc[nH]2)c3ccncc3c1,Enamine
CC1(C)SCCC1c2cnc[nH]2,Enamine
C1CC1c2nc(cs2)c3cnc[nH]3,Enamine
C1CSCC(C1)c2cnc[nH]2,Enamine
Cn1cc(c2cnc[nH]2)c(n1)C3CCOCC3,Enamine
C(Cn1cncn1)c2cnc[nH]2,Enamine
Cn1ccc(n1)c2cnc[nH]2,Enamine
COc1cc(on1)c2cnc[nH]2,Enamine
C(Cn1cccn1)c2cnc[nH]2,Enamine
C=Cn1cc(cn1)c2cnc[nH]2,Enamine
Fc1ccc(cc1C#N)c2cnc[nH]2,Enamine
COc1cc(c(OC)cn1)c2cnc[nH]2,Enamine
COc1nc2ccccc2cc1c3cnc[nH]3,Enamine
Cn1cc(c2cnc[nH]2)c(n1)C(C)(C)C,Enamine
COC(=O)c1ccc(c2cnc[nH]2)n1C,Enamine
COc1cc(ccn1)c2cnc[nH]2,Enamine
C(Cn1cnnn1)c2cnc[nH]2,Enamine
C1CCN(C1)c2ncccc2c3cnc[nH]3,Enamine
CN(C)c1c(F)c(F)ccc1c2cnc[nH]2,Enamine
COc1cc(C)cc(OC)c1c2cnc[nH]2,Enamine
COc1cc(C)cc(F)c1c2cnc[nH]2,Enamine
CN(C)c1cc(F)ccc1c2cnc[nH]2,Enamine
CC1CCC(CC1)c2cnc[nH]2,Enamine
Cc1cn(C)nc1c2cnc[nH]2,Enamine
COc1c(C)cc(cc1C)c2cnc[nH]2,Enamine
C1CCc2sc(cc2C1)c3cnc[nH]3,Enamine
COc1ccc2ccccc2c1c3cnc[nH]3,Enamine
C1CC1c2cccc(c2)c3cnc[nH]3,Enamine
COC(=O)c1cc(cn1C)c2cnc[nH]2,Enamine
COCC1(CCCCO1)c2cnc[nH]2,Enamine
CC(C)Cn1nccc1c2cnc[nH]2,Enamine
Cc1cc(F)cc(c1)c2cnc[nH]2,Enamine
COC(=O)c1cnn(C)c1c2cnc[nH]2,Enamine
COC(=O)c1ccc(cc1C)c2cnc[nH]2,Enamine
COC(=O)c1c(C)n(C)c(C)c1c2cnc[nH]2,Enamine
C1CC1c2ccccc2c3cnc[nH]3,Enamine
CC(C)n1nc(C)c(c1C)c2cnc[nH]2,Enamine
CC(C)c1ncc(s1)c2cnc[nH]2,Enamine
C1CCN(C1)c2ccc(cn2)c3cnc[nH]3,Enamine
Cc1ccccc1c2cccc(c2)c3cnc[nH]3,Enamine
C1CC(CS1)c2cnc[nH]2,Enamine
CN(C)c1ncccc1c2cnc[nH]2,Enamine
CN(C)c1nc(C)c(s1)c2cnc[nH]2,Enamine
COc1ncc(cc1C)c2cnc[nH]2,Enamine
CCOc1ccc(c(C)c1)c2cnc[nH]2,Enamine
Cc1nccnc1c2cnc[nH]2,Enamine
CC(C)(C)n1cc(cn1)c2cnc[nH]2,Enamine
CC(C)c1ccccc1c2cnc[nH]2,Enamine
C#CCCc1scnc1C2CC2,Enamine
CC1(CO1)c2scnc2C3CC3,Enamine
C#CCc1scnc1C2CC2,Enamine
C#Cc1scnc1C2CC2,Enamine
C=CC(=O)c1scnc1C2CC2,Enamine
C1CC1c2ncsc2C3CO3,Enamine
CC(=O)Cc1scnc1C2CC2,Enamine
C1CCn2cc(nc2C1)c3cnc[nH]3,Enamine
Cc1cscc1c2cnc[nH]2,Enamine
Cn1nncc1c2cnc[nH]2,Enamine
CC(=O)c1scnc1C2CC2,Enamine
CC(C)c1nc(cs1)c2cnc[nH]2,Enamine
C1Cc2cccc(c2C1)c3cnc[nH]3,Enamine
CCn1ccc(n1)c2cnc[nH]2,Enamine
N#Cc1ccc(s1)c2cnc[nH]2,Enamine
C1CC1c2ncsc2[C@@H]3CO3,Enamine
Cc1ncc(s1)c2cnc[nH]2,Enamine
Cc1cccc(F)c1c2cnc[nH]2,Enamine
SCCCc1scnc1C2CC2,Enamine
SCCc1scnc1C2CC2,Enamine
SCc1scnc1C2CC2,Enamine
C1CC1c2ncsc2c3cn[nH]c3,Enamine
C1CC1c2ncsc2c3cnc[nH]3,Enamine
CC(=O)CCc1scnc1C2CC2,Enamine
CC(=O)C=Cc1scnc1C2CC2,Enamine
Cc1cc(nn1C)c2cnc[nH]2,Enamine
C1CC2CC1CC2c3cnc[nH]3,Enamine
COC(=O)c1ccc(nc1)c2cnc[nH]2,Enamine
Cc1cc(c(C)s1)c2cnc[nH]2,Enamine
COc1nc(sc1c2cnc[nH]2)N(C)C,Enamine
CCN1CCc2cc(ccc12)c3cnc[nH]3,Enamine
CC(C)Cn1c(C)cc(c1C)c2cnc[nH]2,Enamine
CCCc1ccc(s1)c2cnc[nH]2,Enamine
C1Cc2cc(ccc2CO1)c3cnc[nH]3,Enamine
C1CC2OC1CC2c3cnc[nH]3,Enamine
CCc1cccc(c1)c2cnc[nH]2,Enamine
Cc1oc(nc1C)c2cnc[nH]2,Enamine
CN(C)c1ncc(s1)c2cnc[nH]2,Enamine
C#Cc1cccc(c1)c2cnc[nH]2,Enamine
COC(=O)c1sccc1c2cnc[nH]2,Enamine
Cc1ncsc1C2(C)CO2,Enamine
Cc1ncsc1C(C)(C)C#C,Enamine
CC(C#C)c1scnc1C,Enamine
N#Cc1csc(c1)c2cnc[nH]2,Enamine
CC(C)(C)n1nnc(n1)c2cnc[nH]2,Enamine
C1CN(CCO1)c2ccccc2c3cnc[nH]3,Enamine
Cc1ncncc1c2cnc[nH]2,Enamine
CC(C)c1cccc(c1)c2cnc[nH]2,Enamine
CC(=O)Cc1scnc1C,Enamine
C1CCN(C1)c2ccccc2c3cnc[nH]3,Enamine
COCc1nc(cs1)c2cnc[nH]2,Enamine
CN(C)c1ccccc1c2cnc[nH]2,Enamine
CC1Cc2cc(ccc2O1)c3cnc[nH]3,Enamine
CC(C)(C)c1ccccc1c2cnc[nH]2,Enamine
c1cnc2cc(ccc2c1)c3cnc[nH]3,Enamine
COc1cc(cc(C)n1)c2cnc[nH]2,Enamine
COc1cc(C)c(F)cc1c2cnc[nH]2,Enamine
Fc1cncc(F)c1c2cnc[nH]2,Enamine
CN(C)c1ccc(cn1)c2cnc[nH]2,Enamine
COc1ncc(s1)c2cnc[nH]2,Enamine
CN(C)c1ccc(cc1F)c2cnc[nH]2,Enamine
Cc1nc2sccn2c1c3cnc[nH]3,Enamine
Cc1cc(F)c(cc1F)c2cnc[nH]2,Enamine
CCC=Cc1cnc[nH]1,Enamine
COc1cccc(c1C)c2cnc[nH]2,Enamine
c1cnn(c1)c2ccc(cc2)c3cnc[nH]3,Enamine
CC(C)(C)c1cccc(c1)c2cnc[nH]2,Enamine
c1ncc(s1)c2cn[nH]c2,Enamine
c1ncc([nH]1)c2cncs2,Enamine
COc1ccc(cc1CN(C)C)c2cnc[nH]2,Enamine
CC(C)(C#C)c1cncs1,Enamine
COc1ccc(c(C)c1)c2cnc[nH]2,Enamine
Cc1nn(C)cc1c2cnc[nH]2,Enamine
Fc1ccc(c(F)c1F)c2cnc[nH]2,Enamine
Cc1ccc(F)c(c1)c2cnc[nH]2,Enamine
c1ccc(c(c1)c2cnc[nH]2)n3cccn3,Enamine
C1CCc2c(C1)scc2c3cnc[nH]3,Enamine
Cc1ncsc1CCCS,Enamine
Cc1ncsc1c2cn[nH]c2,Enamine
Cc1ncsc1c2cnc[nH]2,Enamine
Cc1ncsc1CCC#C,Enamine
COc1cccnc1c2cnc[nH]2,Enamine
CCOc1cccc(c1)c2cnc[nH]2,Enamine
COc1cc(F)cc(F)c1c2cnc[nH]2,Enamine
COc1cc(cc2OCCOc12)c3cnc[nH]3,Enamine
CCCC(CCC)c1cnc[nH]1,Enamine
C1Cc2cc(sc2C1)c3cnc[nH]3,Enamine
Cn1nc(cc1c2cnc[nH]2)C(C)(C)C,Enamine
CN1CCOc2ccc(cc12)c3cnc[nH]3,Enamine
COc1cc(F)c(c(F)c1)c2cnc[nH]2,Enamine
c1ccc2sc(nc2c1)c3cnc[nH]3,Enamine
COc1cccc(C)c1c2cnc[nH]2,Enamine
CC(C)Oc1cccc(n1)c2cnc[nH]2,Enamine
C1Oc2ccccc2CC1c3cnc[nH]3,Enamine
CC1(C)CCC(CC1)c2cnc[nH]2,Enamine
Fc1ccc(cc1)c2[nH]ncc2c3cnc[nH]3,Enamine
CCC1(CCC1)c2cnc[nH]2,Enamine
CC(C)N(C)CCc1cnc[nH]1,Enamine
CC(c1ccc(F)cc1)c2cnc[nH]2,Enamine
C1COC=C(C1)c2cnc[nH]2,Enamine
Cc1cnn(C)c1c2cnc[nH]2,Enamine
COc1ccnc(c1)c2cnc[nH]2,Enamine
CC(C)(C#C)c1ocnc1,Enamine
CC1(CCOCC1)c2cnc[nH]2,Enamine
C1CSC(C1)c2cnc[nH]2,Enamine
CN(C)Cc1cccc(c1)c2cnc[nH]2,Enamine
CCOC(=O)c1nn(C)cc1c2cnc[nH]2,Enamine
CC(C)Cn1cc(cn1)c2cnc[nH]2,Enamine
CCn1ncnc1c2cnc[nH]2,Enamine
C1Cc2cccc(c2O1)c3cnc[nH]3,Enamine
CC(C)Cn1ccc(n1)c2cnc[nH]2,Enamine
CC(C)(C#C)c1cscn1,Enamine
c1cc(ncc1c2cnc[nH]2)n3cncn3,Enamine
Cc1ccc(F)c(c1F)c2cnc[nH]2,Enamine
CC(=O)C=Cc1ocnc1,Enamine
COCc1cccc(c1)c2cnc[nH]2,Enamine
CN1CCCC1Cc2cnc[nH]2,Enamine
Cc1nc(cs1)c2cnc[nH]2,Enamine
CCCC(C)c1cnc[nH]1,Enamine
c1ncc([nH]1)c2csnn2,Enamine
C1CCN(CC1)c2ncccc2c3cnc[nH]3,Enamine
C1COCC(C1)c2cnc[nH]2,Enamine
Cc1nn(C)c(C)c1c2cnc[nH]2,Enamine
Cn1nccc1c2cnc[nH]2,Enamine
COc1c(C)cccc1c2cnc[nH]2,Enamine
CN1CCCCC1c2cnc[nH]2,Enamine
C1CCN(C1)c2ccc(cc2)c3cnc[nH]3,Enamine
Cc1cccc(c1F)c2cnc[nH]2,Enamine
CCn1nccc1c2cnc[nH]2,Enamine
COC(=O)c1ccc(s1)c2cnc[nH]2,Enamine
COc1ccc(c2cnc[nH]2)c3ccccc13,Enamine
Cn1cc(nn1)c2cnc[nH]2,Enamine
CCC(OC)c1cnc[nH]1,Enamine
COC(=O)c1cc(c2cnc[nH]2)n(C)n1,Enamine
Fc1ccnc(c1)c2cnc[nH]2,Enamine
C1Oc2ccccc2OC1c3cnc[nH]3,Enamine
Cc1cc(on1)c2cnc[nH]2,Enamine
CCn1nc(C)c(c1C)c2cnc[nH]2,Enamine
Fc1cccnc1c2cnc[nH]2,Enamine
CCOc1ccccc1c2cnc[nH]2,Enamine
COc1cc(ccc1C)c2cnc[nH]2,Enamine
Cc1cc(C)c(cc1C)c2cnc[nH]2,Enamine
C1CC(CO1)c2cnc[nH]2,Enamine
CC(C)Oc1ccc(cc1)c2cnc[nH]2,Enamine
COC(=O)c1ccccc1c2cnc[nH]2,Enamine
Fc1cc(F)c(Cc2cnc[nH]2)cc1F,Enamine
COc1ccc(F)c(OC)c1c2cnc[nH]2,Enamine
CC(C)(C)OCc1cnc[nH]1,Enamine
Cc1onc(C)c1c2cnc[nH]2,Enamine
CCOC(C)c1cnc[nH]1,Enamine
COc1cc(cc(OC)c1C)c2cnc[nH]2,Enamine
CC(C)n1nccc1c2cnc[nH]2,Enamine
COc1ccnc(OC)c1c2cnc[nH]2,Enamine
Cc1cnccc1c2cnc[nH]2,Enamine
Fc1cc(F)c(cc1F)c2cnc[nH]2,Enamine
CC1OCCC1c2cnc[nH]2,Enamine
Cn1ccnc1c2cnc[nH]2,Enamine
Cc1c(F)cccc1c2cnc[nH]2,Enamine
COc1cc(F)c(F)cc1c2cnc[nH]2,Enamine
Fc1c(F)c(F)c(c(F)c1F)c2cnc[nH]2,Enamine
COc1c(F)cc(F)cc1c2cnc[nH]2,Enamine
COc1c(F)c(F)ccc1c2cnc[nH]2,Enamine
Cc1cc(c2cnc[nH]2)c3ccccc3n1,Enamine
Cc1csc(c1)c2cnc[nH]2,Enamine
CCCC=Cc1cnc[nH]1,Enamine
Cn1nc2ccccc2c1c3cnc[nH]3,Enamine
COc1cc(F)ccc1c2cnc[nH]2,Enamine
COc1c(c(C)nn1C)c2cnc[nH]2,Enamine
Fc1cc(F)c(F)c(c1F)c2cnc[nH]2,Enamine
COC(C)(C)Cc1cnc[nH]1,Enamine
Fc1cc(F)c(c(F)c1)c2cnc[nH]2,Enamine
CC(C)n1cc(cn1)c2cnc[nH]2,Enamine
c1ccc2sc(cc2c1)c3cnc[nH]3,Enamine
COc1cc(ccc1F)c2cnc[nH]2,Enamine
CCC(CC)c1cnc[nH]1,Enamine
Fc1cncc(c1)c2cnc[nH]2,Enamine
COc1ccc2cc(ccc2c1)c3cnc[nH]3,Enamine
Cn1nc(c2cnc[nH]2)c3ccccc13,Enamine
CC1(C)C(c2cnc[nH]2)C1(C)C,Enamine
c1ccc2c(csc2c1)c3cnc[nH]3,Enamine
Cc1ccc(c2cnc[nH]2)c3ccccc13,Enamine
Cc1ccc(nc1)c2cnc[nH]2,Enamine
CCc1ccccc1c2cnc[nH]2,Enamine
Cc1cccc(n1)c2cnc[nH]2,Enamine
Cc1[nH]cnc1CCCS,Enamine
CC(=O)CCc1nc[nH]c1C,Enamine
CC(=O)C=Cc1[nH]cnc1C,Enamine
Cc1[nH]cnc1CCC#C,Enamine
o1ccc(n1)c2cnc[nH]2,Enamine
Cc1ccc(F)cc1c2cnc[nH]2,Enamine
CCC1CCC(CC1)c2cnc[nH]2,Enamine
Cc1nc[nH]c1C2(C)CO2,Enamine
Cc1nc[nH]c1C(C)(C)C#C,Enamine
CC(C#C)c1nc[nH]c1C,Enamine
C(c1ccc2OCCc2c1)c3cnc[nH]3,Enamine
Cc1[nH]cnc1C(=O)C=C,Enamine
CCC(=O)c1nc[nH]c1C,Enamine
Cc1c(cnn1C)c2cnc[nH]2,Enamine
CC(=O)Cc1nc[nH]c1C,Enamine
COc1ccc(c(OC)c1OC)c2cnc[nH]2,Enamine
COc1cccc(F)c1c2cnc[nH]2,Enamine
Cc1cccc(c1C)c2cnc[nH]2,Enamine
COc1cc(OC)c(cc1OC)c2cnc[nH]2,Enamine
Cc1ccc2cc(ccc2n1)c3cnc[nH]3,Enamine
COc1ccc(nc1)c2cnc[nH]2,Enamine
Cn1cccc1c2cnc[nH]2,Enamine
CC1(C)CCC(C1)c2cnc[nH]2,Enamine
CCOc1ccc(cc1OC)c2cnc[nH]2,Enamine
CCOc1cc(ccc1OC)c2cnc[nH]2,Enamine
CCC1(COC1)c2cnc[nH]2,Enamine
Cc1onc(c1)c2cnc[nH]2,Enamine
C1CCc2c(C1)cccc2c3cnc[nH]3,Enamine
Fc1cnccc1c2cnc[nH]2,Enamine
CC(=O)CCc1cnc[nH]1,Enamine
CC(C)(C#C)c1cnc[nH]1,Enamine
Cc1cncc(c1)c2cnc[nH]2,Enamine
Cc1ccnc(c1)c2cnc[nH]2,Enamine
CC1(COC1)c2cnc[nH]2,Enamine
C1CC(CC=C1)c2cnc[nH]2,Enamine
C#Cc1ccccc1c2cnc[nH]2,Enamine
CCOc1cccc(c1OC)c2cnc[nH]2,Enamine
C1CCC(OC1)c2cnc[nH]2,Enamine
Cc1ccncc1c2cnc[nH]2,Enamine
Cc1cc(C)cc(c1)c2cnc[nH]2,Enamine
CN(C)c1cccc(c1)c2cnc[nH]2,Enamine
COc1cc(cc(OC)c1OC)c2cnc[nH]2,Enamine
COc1c(F)cccc1c2cnc[nH]2,Enamine
Fc1ncccc1c2cnc[nH]2,Enamine
C1Cc2cc(ccc2O1)c3cnc[nH]3,Enamine
Fc1cc(c(F)c(F)c1F)c2cnc[nH]2,Enamine
COc1cncc(OC)c1c2cnc[nH]2,Enamine
c1ccc2nc(cnc2c1)c3cnc[nH]3,Enamine
Fc1cc(cc(F)c1F)c2cnc[nH]2,Enamine
C(Cc1cnc[nH]1)C2CCCC2,Enamine
Cc1cc(F)ccc1c2cnc[nH]2,Enamine
C1C2CC(C1C=C2)c3cnc[nH]3,Enamine
CC(=O)C=Cc1cncs1,Enamine
Cc1cccnc1c2cnc[nH]2,Enamine
Cc1oncc1c2cnc[nH]2,Enamine
CN1CCc2cc(ccc12)c3cnc[nH]3,Enamine
CN(C)c1ccc(cc1)c2cnc[nH]2,Enamine
c1ccc2cc(ccc2c1)c3cnc[nH]3,Enamine
CC(=O)C=Cc1cnc[nH]1,Enamine
CC(=O)C=Cc1scnc1C,Enamine
C(Oc1ccccc1c2cnc[nH]2)c3ccccc3,Enamine
C(Oc1ccc(cc1)c2cnc[nH]2)c3ccccc3,Enamine
C1CC1(c2ccccc2)c3cnc[nH]3,Enamine
c1ccc(cc1)c2ccccc2c3cnc[nH]3,Enamine
c1ccc(cc1)C(c2ccccc2)c3cnc[nH]3,Enamine
c1ccc(cc1)n2cc(cn2)c3cnc[nH]3,Enamine
C(N1CCCCC1c2cnc[nH]2)c3ccccc3,Enamine
C(Oc1cccc(c1)c2cnc[nH]2)c3ccccc3,Enamine
Cn1nc(cc1c2cnc[nH]2)c3ccccc3,Enamine
C1CCC(C1)(c2ccccc2)c3cnc[nH]3,Enamine
Cc1nn(Cc2ccccc2)c(C)c1c3cnc[nH]3,Enamine
C(N1CCOC(C1)c2cnc[nH]2)c3ccccc3,Enamine
C(N1CCCC(C1)c2cnc[nH]2)c3ccccc3,Enamine
C(N1CCCC1c2cnc[nH]2)c3ccccc3,Enamine
c1nc(cs1)c2cn[nH]c2,Enamine
CC(=O)C=Cc1cscn1,Enamine
c1ccc(cc1)c2ccc(s2)c3cnc[nH]3,Enamine
c1ccc(cc1)n2cc(nn2)c3cnc[nH]3,Enamine
CC(=Cc1ccccc1)c2cnc[nH]2,Enamine
Cc1ccc(c(Br)c1)c2cnc[nH]2,Enamine
Clc1ccc(Br)cc1c2cnc[nH]2,Enamine
Cc1ccc(Br)cc1c2cnc[nH]2,Enamine
COc1ccc(c(Br)c1)c2cnc[nH]2,Enamine
Brc1ccsc1c2cnc[nH]2,Enamine
Brc1csc(c1)c2cnc[nH]2,Enamine
Brc1cnccc1c2cnc[nH]2,Enamine
COc1cc(Br)c(cc1OC)c2cnc[nH]2,Enamine
COc1cncc(Br)c1c2cnc[nH]2,Enamine
Fc1cc(Br)ccc1c2cnc[nH]2,Enamine
Clc1cc(ccc1Br)c2cnc[nH]2,Enamine
Brc1ccc(nc1)c2cnc[nH]2,Enamine
COc1cc(Br)ccc1c2cnc[nH]2,Enamine
Cc1ccc(Br)c(c1)c2cnc[nH]2,Enamine
Fc1cccc(c1Br)c2cnc[nH]2,Enamine
Cc1c(Br)cccc1c2cnc[nH]2,Enamine
Clc1cc(c(Br)cn1)c2cnc[nH]2,Enamine
Clc1ccc(Br)c(c1)c2cnc[nH]2,Enamine
Fc1ncc(Br)cc1c2cnc[nH]2,Enamine
COc1c(F)cc(Br)cc1c2cnc[nH]2,Enamine
COc1cccc(Br)c1c2cnc[nH]2,Enamine
Fc1cccc(Br)c1c2cnc[nH]2,Enamine
Cn1nc(Br)cc1c2cnc[nH]2,Enamine
Fc1ccc(c(F)c1Br)c2cnc[nH]2,Enamine
Brc1cnc(nc1c2cnc[nH]2)C3CC3,Enamine
COc1sc(cc1Br)c2cnc[nH]2,Enamine
Cc1cc(Br)cc(c1)c2cnc[nH]2,Enamine
Cc1cc(Br)c(s1)c2cnc[nH]2,Enamine
COc1ncc(Br)cc1c2cnc[nH]2,Enamine
Brc1cn[nH]c1c2cnc[nH]2,Enamine
Brc1cccc(n1)c2cnc[nH]2,Enamine
Brc1cc(cs1)c2cnc[nH]2,Enamine
Brc1cc(cc2OCCOc12)c3cnc[nH]3,Enamine
Cc1sc(cc1Br)c2cnc[nH]2,Enamine
Cc1csc(c1Br)c2cnc[nH]2,Enamine
Fc1c(Cl)ccc(Br)c1c2cnc[nH]2,Enamine
Brc1cnc(s1)c2cnc[nH]2,Enamine
Clc1sc(cc1Br)c2cnc[nH]2,Enamine
Cc1cc(Br)ccc1c2cnc[nH]2,Enamine
Clc1cc(Br)cc(c1)c2cnc[nH]2,Enamine
Brc1ccc(cc1)C2(CC2)c3cnc[nH]3,Enamine
COc1cccc(c1Br)c2cnc[nH]2,Enamine
Cc1cc(ccc1Br)c2cnc[nH]2,Enamine
COc1cc(Br)cc(OC)c1c2cnc[nH]2,Enamine
Fc1cc(Br)cc(F)c1c2cnc[nH]2,Enamine
Fc1cc(Br)c(cc1F)c2cnc[nH]2,Enamine
Cc1cc(cc(C)c1Br)c2cnc[nH]2,Enamine
Fc1ccc(c(Br)c1)c2cnc[nH]2,Enamine
Clc1cccc(Br)c1c2cnc[nH]2,Enamine
COc1cc(Br)cc(F)c1c2cnc[nH]2,Enamine
Fc1cc(Br)cc(c1)c2cnc[nH]2,Enamine
Clc1cc(Br)ccc1c2cnc[nH]2,Enamine
COc1cc(Br)cc(c1OC)c2cnc[nH]2,Enamine
Brc1cnc(nc1)c2cnc[nH]2,Enamine
COc1cc(cc(OC)c1Br)c2cnc[nH]2,Enamine
COc1cc(cc(Br)c1OC)c2cnc[nH]2,Enamine
Brc1nc(cs1)c2cnc[nH]2,Enamine
Brc1cccnc1c2cnc[nH]2,Enamine
COc1cc(ccc1Br)c2cnc[nH]2,Enamine
COc1ccc(c(Br)c1OC)c2cnc[nH]2,Enamine
COc1c(Br)cc(Cl)cc1c2cnc[nH]2,Enamine
Cc1ccc(cc1Br)c2cnc[nH]2,Enamine
Clc1ccc(cc1Br)c2cnc[nH]2,Enamine
Fc1cc(ccc1Br)c2cnc[nH]2,Enamine
COc1ccc(Br)c(c1)c2cnc[nH]2,Enamine
COc1c(Br)cccc1c2cnc[nH]2,Enamine
Clc1ncc(Br)cc1c2cnc[nH]2,Enamine
Fc1ccc(Br)c(c1)c2cnc[nH]2,Enamine
COc1cc(Br)c(c(OC)c1)c2cnc[nH]2,Enamine
Cc1ccc(c(C)c1Br)c2cnc[nH]2,Enamine
Cc1ccc(cc1C(F)(F)F)c2cnc[nH]2,Enamine
FC(F)(F)c1ccc(cc1Cl)c2cnc[nH]2,Enamine
FC(F)(F)c1cc(ccc1Cl)c2cnc[nH]2,Enamine
FC(F)(F)C(c1cnc[nH]1)C(F)(F)F,Enamine
FC(F)(F)Sc1ccc(cc1)c2cnc[nH]2,Enamine
Cc1[nH]cnc1C(=O)C(F)(F)F,Enamine
Cc1[nH]cnc1CC(=O)C(F)(F)F,Enamine
COc1cc(ccc1C(F)(F)F)c2cnc[nH]2,Enamine
FC(F)(F)C(F)(F)Cc1cnc[nH]1,Enamine
FC(F)(F)c1ccc(nc1)c2cnc[nH]2,Enamine
COc1c(cccc1C(F)(F)F)c2cnc[nH]2,Enamine
FC(F)(F)c1cc(Cl)ccc1c2cnc[nH]2,Enamine
FC(F)(F)c1ccncc1c2cnc[nH]2,Enamine
FC(F)(F)c1cccnc1c2cnc[nH]2,Enamine
FC(F)(F)Oc1ccc(cc1Cl)c2cnc[nH]2,Enamine
FC1(F)CC(C1)c2cnc[nH]2,Enamine
COc1ccc(c2cnc[nH]2)c(c1)C(F)(F)F,Enamine
FC(F)(F)CCc1cnc[nH]1,Enamine
FC1(F)CCC(CC1)c2cnc[nH]2,Enamine
FC(F)(F)C(=O)Cc1cnc[nH]1,Enamine
Cc1cc(ccc1c2cnc[nH]2)C(F)(F)F,Enamine
CC(c1ccc(cc1)C(F)(F)F)c2cnc[nH]2,Enamine
FC(F)(F)c1ccc(cc1)c2ccccc2c3cnc[nH]3,Enamine
FC(F)(F)C(=O)c1scnc1C2CC2,Enamine
FC(F)(F)C(=O)Cc1scnc1C2CC2,Enamine
Cn1nc(cc1c2cnc[nH]2)C(F)(F)F,Enamine
FC(F)(F)C(=O)c1ocnc1,Enamine
FC(F)(F)C(=O)Cc1ocnc1,Enamine
FC(F)(F)c1cnc(Cl)c(c1)c2cnc[nH]2,Enamine
FC(F)(F)c1ncccc1c2cnc[nH]2,Enamine
Cn1nc(c(c1Cl)c2cnc[nH]2)C(F)(F)F,Enamine
FC(F)(F)C(=O)Cc1cscn1,Enamine
FC(F)(F)Sc1cccc(c1)c2cnc[nH]2,Enamine
COc1ccc(cc1c2cnc[nH]2)C(F)(F)F,Enamine
FC(F)(F)c1cc(Cl)cc(c1)c2cnc[nH]2,Enamine
COc1ccc(cc1C(F)(F)F)c2cnc[nH]2,Enamine
Cn1cc(c2cnc[nH]2)c(n1)C(F)(F)F,Enamine
FC(F)(F)C(F)(F)c1cccc(c1)c2cnc[nH]2,Enamine
FC(F)(F)c1ccc(s1)c2cnc[nH]2,Enamine
Cc1ncsc1C(=O)C(F)(F)F,Enamine
Cc1ncsc1CC(=O)C(F)(F)F,Enamine
FC(F)(F)C(F)(F)c1ccc(cc1)c2cnc[nH]2,Enamine
FC(F)(F)C(=O)c1cncs1,Enamine
Cc1cc(Cl)ccc1c2cnc[nH]2,Enamine
Cc1ccc(Cl)c(c1)c2cnc[nH]2,Enamine
Clc1cnccc1c2cnc[nH]2,Enamine
Clc1cc(cc(Cl)n1)c2cnc[nH]2,Enamine
COc1cc(ccc1Cl)c2cnc[nH]2,Enamine
COc1cc(Cl)cc(c1OC)c2cnc[nH]2,Enamine
Fc1cc(Cl)cc(c1)c2cnc[nH]2,Enamine
Clc1cncc(Cl)c1c2cnc[nH]2,Enamine
Cc1nn(C)c(Cl)c1c2cnc[nH]2,Enamine
Fc1ncc(Cl)cc1c2cnc[nH]2,Enamine
Clc1ccsc1c2cnc[nH]2,Enamine
Fc1ccc(c(Cl)c1)c2cnc[nH]2,Enamine
Clc1cc(c(Cl)nn1)c2cnc[nH]2,Enamine
Clc1cc(Cl)c(c(Cl)c1)c2cnc[nH]2,Enamine
Clc1cc(Cl)c(cn1)c2cnc[nH]2,Enamine
Cc1cccc(Cl)c1c2cnc[nH]2,Enamine
COc1ccc(c(Cl)c1OC)c2cnc[nH]2,Enamine
Clc1cc(cnc1Cl)c2cnc[nH]2,Enamine
Cc1ccc(c(Cl)n1)c2cnc[nH]2,Enamine
Fc1ccc(c(F)c1Cl)c2cnc[nH]2,Enamine
COc1c(Cl)cccc1c2cnc[nH]2,Enamine
Clc1ncnc(Cl)c1c2cnc[nH]2,Enamine
Fc1cc(Cl)ccc1c2cnc[nH]2,Enamine
COc1cc(Cl)ccc1c2cnc[nH]2,Enamine
COc1nccc(Cl)c1c2cnc[nH]2,Enamine
Brc1cc2OCOc2cc1c3cnc[nH]3,Enamine
Clc1nc2ccccc2cc1c3cnc[nH]3,Enamine
Fc1cc(c(Cl)nc1Cl)c2cnc[nH]2,Enamine
Clc1csc(c1)c2cnc[nH]2,Enamine
Fc1ccc(F)c(c1Cl)c2cnc[nH]2,Enamine
Clc1ccc2cccnc2c1c3cnc[nH]3,Enamine
Clc1ccc(nc1)c2cnc[nH]2,Enamine
Fc1ccc(Cl)c(c1)c2cnc[nH]2,Enamine
Clc1ccc2sc(cc2n1)c3cnc[nH]3,Enamine
COC(=O)c1ccc(cc1Cl)c2cnc[nH]2,Enamine
Cc1ccc(c(Cl)c1)c2cnc[nH]2,Enamine
Clc1ncc(s1)c2cnc[nH]2,Enamine
CCOc1ccc(Cl)cc1c2cnc[nH]2,Enamine
Cc1cc(cc(Cl)n1)c2cnc[nH]2,Enamine
Clc1cccc(n1)c2cnc[nH]2,Enamine
Fc1c(Cl)cccc1c2cnc[nH]2,Enamine
C(C1CC1)n2cc(nn2)c3cnc[nH]3,Enamine
Cc1cc(F)c(c(F)c1)c2cnc[nH]2,Enamine
CCc1ccsc1c2cnc[nH]2,Enamine
CN(C)c1ccc(F)cc1c2cnc[nH]2,Enamine
COC(=O)c1ccc(OC)c(c1)c2cnc[nH]2,Enamine
CC1(C)CCCC(C1)c2cnc[nH]2,Enamine
CC1(C)CCc2cc(ccc2O1)c3cnc[nH]3,Enamine
CC(C)C1CCC(CC1)c2cnc[nH]2,Enamine
CCn1ccnc1c2cnc[nH]2,Enamine
Cc1ccsc1c2cnc[nH]2,Enamine
Fc1cccc(OCCc2cnc[nH]2)c1,Enamine
C1CC1c2ccc(cc2)c3cnc[nH]3,Enamine
CCn1cc(cn1)c2cnc[nH]2,Enamine
Cc1cc(c2cnc[nH]2)n(C)n1,Enamine
Clc1ccc(c(Br)c1)c2cnc[nH]2,Enamine
Brc1ccc(cc1c2cnc[nH]2)C#N,Enamine
C(c1ccccc1)n2cc(cn2)c3cnc[nH]3,Enamine
FC(F)(F)c1cccc(Cl)c1c2cnc[nH]2,Enamine
FC(F)(F)c1cnccc1c2cnc[nH]2,Enamine
CCOC(=O)[C@@H]1C[C@H]1c2cccc3ncsc23,Enamine
CSc1cc(ccn1)C(=O)OCc2scnc2C,Enamine
CSc1ccc(cn1)C(=O)OCCc2scnc2C,Enamine
C#CCN(Cc1cncs1)C2CSC2,Enamine
CCOC(=O)C1CC1c2cccc3ncsc23,Enamine
CCc1ocnc1,Enamine
C1CCC(CC1)c2cnc[nH]2,Enamine
COCCOCc1ocnc1,Enamine
FC(F)(F)c1ccc2ncsc2c1,Enamine
Fc1cccc(c1)c2cnc[nH]2,Enamine
Fc1ccccc1c2cnc[nH]2,Enamine
C1COC(C1)c2ocnc2,Enamine
C1CCC(CC1)c2ocnc2,Enamine
Cc1ncsc1c2cc(Br)c(C)s2,Enamine
Cc1cc(ccn1)c2scnc2C,Enamine
CCn1cc(cn1)c2scnc2C,Enamine
Cc1ncsc1c2cnn(C)c2,Enamine
CCCCc1scnc1C,Enamine
Cc1ncsc1c2ccsc2,Enamine
CC(C)Cc1scnc1C,Enamine
Cc1ncsc1c2ccc(Br)cc2,Enamine
Cc1ncsc1c2cccc(Br)c2,Enamine
Cc1ncsc1c2cccc(F)c2,Enamine
Cc1ncsc1c2cncnc2,Enamine
Cc1ncsc1c2ccc(F)nc2,Enamine
CCn1ccnc1c2scnc2C,Enamine
Cc1ncsc1c2cccnn2,Enamine
Cc1coc(n1)c2scnc2C,Enamine
Cc1ncsc1c2nccn2C,Enamine
Cc1ncsc1c2nccs2,Enamine
Cc1ncsc1c2ncccn2,Enamine
Cc1ncsc1c2cnccn2,Enamine
Cc1ncsc1c2cncs2,Enamine
Cc1cnc(nc1)c2scnc2C,Enamine
CCn1ncnc1c2scnc2C,Enamine
Cc1ccnc(n1)c2scnc2C,Enamine
Cc1cc(cc(F)n1)c2cncs2,Enamine
Cc1sc(cc1Br)c2cocn2,Enamine
CC(=O)c1cccc(c1)c2cocn2,Enamine
CC(=O)c1ccc(cc1)c2cocn2,Enamine
Fc1ccc(cn1)c2cocn2,Enamine
CC(=O)c1cccc(c1)c2cnc[nH]2,Enamine
CC(=O)c1cccc(c1)c2cscn2,Enamine
CC(=O)c1ccc(cc1)c2cscn2,Enamine
Fc1ccc(cn1)c2cscn2,Enamine
CCOC(=O)c1cc(n[nH]1)c2cscn2,Enamine
CCOC(=O)C#Cc1[nH]cnc1CC,Enamine
CCc1nc[nH]c1C#CC(=O)OC,Enamine
c1c[nH]cn1,Enamine
N#Cc1nc[nH]c1C#N,Enamine
Clc1nc[nH]c1Cl,Enamine
c1ccc(cc1)c2cnc[nH]2,Enamine
c1cscn1,Enamine
Cc1ncsc1C,Enamine
Cc1ncsc1C=C,Enamine
Cc1cscn1,Enamine
Clc1nc(Cl)c2[nH]cnc2n1,Enamine
Clc1ncnc2nc[nH]c12,Enamine
CN(C)c1ncnc2nc[nH]c12,Enamine
c1cnc2nc[nH]c2c1,Enamine
c1ccc2[nH]c(nc2c1)c3cscn3,Enamine
o1cnc2ccccc12,Enamine
o1ccnc1,Enamine
CCOC(=O)c1nc[nH]c1C,Enamine
Ic1ncnc2nc[nH]c12,Enamine
Brc1cnc[nH]1,Enamine
COC(=O)c1nc[nH]c1C(=O)OC,Enamine
c1cc2nc[nH]c2cn1,Enamine
C=Cc1cnc[nH]1,Enamine
CCOC(=O)c1ocnc1C,Enamine
o1cncc1c2ccccc2,Enamine
CCOC(=O)c1ncoc1c2ccccc2,Enamine
Cc1ccc(cc1)c2ocnc2,Enamine
o1cncc1c2ccncc2,Enamine
Brc1nc[nH]c1Br,Enamine
N#Cc1ncoc1c2ccccc2,Enamine
CCOC(=O)c1ncoc1C(C)(C)C,Enamine
CCOC(=O)c1ncoc1C,Enamine
CC(=CCN1C=NC(=N)c2[nH]cnc12)C,Enamine
N#Cc1cscn1,Enamine
Clc1ncc2[nH]cnc2n1,Enamine
Cc1nc2nc[nH]c2cc1Br,Enamine
COCCc1cnc[nH]1,Enamine
Cc1ccc2ocnc2c1,Enamine
Clc1ccc2ocnc2c1,Enamine
N#Cc1cnc[nH]1,Enamine
Cc1[nH]cnc1C#N,Enamine
Cc1nc(Cl)c2[nH]cnc2n1,Enamine
c1c[nH]cn1,Enamine
Fc1ccc(cc1)c2cnc[nH]2,Enamine
Brc1cnc2nc[nH]c2c1,Enamine
C1CN(CCO1)c2ncnc3nc[nH]c23,Enamine
CCOC(=O)c1scnc1C,Enamine
C1CCc2[nH]cnc2C1,Enamine
Cc1[nH]cnc1c2ccc(Cl)cc2,Enamine
O=C(c1ccccc1)c2cnc[nH]2,Enamine
FC(F)(F)C(=O)c1cnc[nH]1,Enamine
COc1cccc(c1)c2cnc[nH]2,Enamine
Cc1ncoc1C#N,Enamine
Clc1ncc(Br)c2nc[nH]c12,Enamine
Cc1ccc2ncsc2c1,Enamine
Ic1cnc[nH]1,Enamine
Clc1ccc2[nH]cnc2n1,Enamine
Cc1nc[nH]c1C,Enamine
c1cncc(c1)c2cnc[nH]2,Enamine
Cc1cccc(Cc2cnc[nH]2)c1C,Enamine
CN(C)CCc1cnc[nH]1,Enamine
Cc1[nH]cnc1c2ccccc2,Enamine
Cc1cnc[nH]1,Enamine
C1CCN(C1)c2ncnc3nc[nH]c23,Enamine
Fc1nc(Cl)c2[nH]cnc2n1,Enamine
Brc1ccccc1c2cscn2,Enamine
Brc1cccc(c1)c2cscn2,Enamine
Brc1ccc(cc1)c2cscn2,Enamine
Fc1ccc(cc1)c2cscn2,Enamine
Fc1ccccc1c2cscn2,Enamine
CCOC(=O)Cc1cscn1,Enamine
Brc1ccc2ncoc2c1,Enamine
Brc1ccc(cc1)c2cnc[nH]2,Enamine
CCOc1ccc(cc1)c2cnc[nH]2,Enamine
c1ccn2cncc2c1,Enamine
C1CCc2scnc2C1,Enamine
CC(=O)c1cscn1,Enamine
CCOC(=O)c1cscn1,Enamine
c1nc2scnc2s1,Enamine
COC(=O)CCc1cnc[nH]1,Enamine
CCOC(=O)c1ocnc1,Enamine
CCOC(=O)c1cocn1,Enamine
Brc1ccc2ncsc2c1,Enamine
Brc1ncnc2nc[nH]c12,Enamine
COC(=O)c1cnc[nH]1,Enamine
CCOC(=O)c1cncs1,Enamine
COC(=O)c1cscn1,Enamine
Brc1cscn1,Enamine
Fc1ccc2ncsc2c1,Enamine
N#Cc1ccc2ncsc2c1,Enamine
Fc1ccc2scnc2c1,Enamine
COc1ccc2scnc2c1,Enamine
Brc1ncn2ccccc12,Enamine
N#Cc1cncs1,Enamine
CC(c1cnc[nH]1)c2cccc(C)c2C,Enamine
Brc1cnc2scnc2c1,Enamine
Brc1cnc2ocnc2c1,Enamine
C1CC1c2cscn2,Enamine
FC(F)(F)c1cscn1,Enamine
FC(F)(F)c1cccc(c1)c2cscn2,Enamine
C1CC1c2cscn2,Enamine
Cc1ccc2[nH]cnc2n1,Enamine
C[C@H](c1cnc[nH]1)c2cccc(C)c2C,Enamine
Cc1nc[nH]c1I,Enamine
Brc1cncs1,Enamine
N#Cc1cocn1,Enamine
Cc1ncn2ncnc(Cl)c12,Enamine
Brc1cccc2ncoc12,Enamine
Brc1cccc2ocnc12,Enamine
Brc1ccccc1c2cnc[nH]2,Enamine
CC(=O)c1cncs1,Enamine
Ic1cscn1,Enamine
Ic1cncs1,Enamine
FC(F)(F)c1nc(Cl)nc2nc[nH]c12,Enamine
Fc1ccc2ocnc2c1,Enamine
Cc1cc(C)c(Cc2cnc[nH]2)c(C)c1,Enamine
CC(c1cccc(c1)C#N)c2cnc[nH]2,Enamine
C1Cc2ccccc2C1c3cnc[nH]3,Enamine
Cc1cccc(C)c1Cc2cnc[nH]2,Enamine
c1ccc(nc1)c2cnc[nH]2,Enamine
c1cc(ccn1)c2cnc[nH]2,Enamine
Fc1ccc(cn1)c2cnc[nH]2,Enamine
COc1ccc(cn1)c2cnc[nH]2,Enamine
Cc1ccc(cn1)c2cnc[nH]2,Enamine
C(Cc1cnc[nH]1)c2ccccc2,Enamine
Fc1ccc(CCc2cnc[nH]2)cc1,Enamine
Brc1cccc(CCc2cnc[nH]2)c1,Enamine
Brc1ccc(CCc2cnc[nH]2)cc1,Enamine
C(Cc1cnc[nH]1)c2ccsc2,Enamine
CN1CCC(CC1)c2cnc[nH]2,Enamine
Brc1cccc(c1)c2cnc[nH]2,Enamine
Clc1cccc(c1)c2cnc[nH]2,Enamine
Clc1ccccc1c2cnc[nH]2,Enamine
N#Cc1ccccc1c2cnc[nH]2,Enamine
N#Cc1cccc(c1)c2cnc[nH]2,Enamine
N#Cc1ccc(cc1)c2cnc[nH]2,Enamine
Cc1ccccc1c2cnc[nH]2,Enamine
Cc1cccc(c1)c2cnc[nH]2,Enamine
COc1ccccc1c2cnc[nH]2,Enamine
FC(F)(F)Oc1ccccc1c2cnc[nH]2,Enamine
FC(F)(F)Oc1cccc(c1)c2cnc[nH]2,Enamine
FC(F)(F)Oc1ccc(cc1)c2cnc[nH]2,Enamine
FC(F)(F)c1cccc(c1)c2cnc[nH]2,Enamine
FC(F)(F)c1ccccc1c2cnc[nH]2,Enamine
Fc1cccc(c1F)c2cnc[nH]2,Enamine
Fc1ccc(c(F)c1)c2cnc[nH]2,Enamine
Fc1ccc(F)c(c1)c2cnc[nH]2,Enamine
Fc1cccc(F)c1c2cnc[nH]2,Enamine
Fc1ccc(cc1F)c2cnc[nH]2,Enamine
Fc1cc(F)cc(c1)c2cnc[nH]2,Enamine
Clc1cccc(c1Cl)c2cnc[nH]2,Enamine
Clc1ccc(c(Cl)c1)c2cnc[nH]2,Enamine
Clc1ccc(Cl)c(c1)c2cnc[nH]2,Enamine
Clc1cccc(Cl)c1c2cnc[nH]2,Enamine
Clc1ccc(cc1Cl)c2cnc[nH]2,Enamine
Clc1cc(Cl)cc(c1)c2cnc[nH]2,Enamine
COc1cc(OC)c(c(OC)c1)c2cnc[nH]2,Enamine
COc1cccc(OC)c1c2cnc[nH]2,Enamine
COc1ccc(OC)c(c1)c2cnc[nH]2,Enamine
COc1ccc(c(OC)c1)c2cnc[nH]2,Enamine
c1ccc2nc(ccc2c1)c3cnc[nH]3,Enamine
COc1cccc(c1OC)c2cnc[nH]2,Enamine
COc1ccc(cc1OC)c2cnc[nH]2,Enamine
COc1cc(OC)cc(c1)c2cnc[nH]2,Enamine
FC(F)(F)c1cc(cc(c1)C(F)(F)F)c2cnc[nH]2,Enamine
C1Oc2ccc(cc2O1)c3cnc[nH]3,Enamine
COc1ccc(c(F)c1)c2cnc[nH]2,Enamine
COc1ccc(cc1F)c2cnc[nH]2,Enamine
Cc1ccc(cc1F)c2cnc[nH]2,Enamine
COc1cc(C)ccc1c2cnc[nH]2,Enamine
FC(F)(F)c1ccc(Cl)c(c1)c2cnc[nH]2,Enamine
Fc1ccc(F)c(c1F)c2cnc[nH]2,Enamine
Fc1c(cccc1C(F)(F)F)c2cnc[nH]2,Enamine
Fc1cc(ccc1c2cnc[nH]2)C(F)(F)F,Enamine
Fc1ccc(cc1c2cnc[nH]2)C(F)(F)F,Enamine
Fc1ccc(c(c1)c2cnc[nH]2)C(F)(F)F,Enamine
Fc1cc(cc(c1)C(F)(F)F)c2cnc[nH]2,Enamine
Fc1cc(ccc1C(F)(F)F)c2cnc[nH]2,Enamine
Fc1ccc(cc1C(F)(F)F)c2cnc[nH]2,Enamine
Fc1ccc(c2cnc[nH]2)c(c1)C(F)(F)F,Enamine
Fc1ccc(cc1Br)c2cnc[nH]2,Enamine
Fc1ccc(cc1Cl)c2cnc[nH]2,Enamine
Fc1ccc(Cl)c(F)c1c2cnc[nH]2,Enamine
Fc1cc(c(Cl)cc1Cl)c2cnc[nH]2,Enamine
Fc1cccc(Cl)c1c2cnc[nH]2,Enamine
C(=Cc1cnc[nH]1)c2ccccc2,Enamine
Fc1ccc(C=Cc2cnc[nH]2)cc1,Enamine
c1cnc2[nH]cnc2n1,Enamine
Cc1ocnc1,Enamine
Clc1nccc2[nH]cnc12,Enamine
Brc1cncc2ncoc12,Enamine
Fc1cccc2ocnc12,Enamine
CC(=O)c1scnc1C,Enamine
CC(=O)c1cnc[nH]1,Enamine
Clc1cscn1,Enamine
CC(=O)c1cccc2ncoc12,Enamine
Clc1ccnc2nc[nH]c12,Enamine
Clc1nc(Cl)c2ncsc2n1,Enamine
Brc1cnc2nc[nH]c2c1,Enamine
Clc1cc2[nH]cnc2c(Cl)n1,Enamine
COC(=O)Cc1cncs1,Enamine
Brc1cncc2[nH]cnc12,Enamine
Fc1cnc[nH]1,Enamine
CC(C)c1cscn1,Enamine
C(C1CCCCC1)c2cnc[nH]2,Enamine
Brc1cnc2nc[nH]c2n1,Enamine
c1ccn2cncc2c1,Enamine
COC(=O)c1scnc1Cl,Enamine
Fc1ccc2ncoc2c1,Enamine
Fc1ccc2ocnc2c1,Enamine
Clc1ccc2ncoc2c1,Enamine
COc1ccc2ncoc2c1,Enamine
Fc1cccc2ncoc12,Enamine
CCOC(=O)c1nc[nH]c1Br,Enamine
c1ccc2c(c1)ncc3[nH]cnc23,Enamine
CCOC(=O)c1ncsc1Br,Enamine
C1Cc2ncsc2C1,Enamine
c1cnc2cncn2c1,Enamine
Clc1cccc2scnc12,Enamine
Brc1cncc2[nH]cnc12,Enamine
Clc1ncnc2nc[nH]c12,Enamine
Clc1cncs1,Enamine
c1ccc(cc1)c2cscn2,Enamine
Cc1ocnc1C,Enamine
Cc1cocn1,Enamine
COC(=O)c1cccc2ocnc12,Enamine
COC(=O)c1cccc2cncn12,Enamine
CCOC(=O)c1ocnc1C(F)(F)F,Enamine
COc1ccc2ocnc2c1,Enamine
O=C1CCN(Cc2cscn2)CC1,Enamine
Brc1ccc(OCc2cscn2)cc1,Enamine
Fc1ccc2scnc2c1,Enamine
CC(C)(C)c1ccc2ncsc2c1,Enamine
o1cnc(c1)c2ccccc2,Enamine
Fc1ccc(cc1)c2cocn2,Enamine
Fc1cccc(c1)c2cocn2,Enamine
CCOC(=O)c1ocnc1CC,Enamine
C#Cc1ccc2ncsc2c1,Enamine
Brc1ccnc2nc[nH]c12,Enamine
c1ccc(cc1)c2cncs2,Enamine
Cc1scnc1C(F)(F)F,Enamine
Brc1cccc2ncsc12,Enamine
Brc1ccc(cc1)c2cncs2,Enamine
Cc1cocn1,Enamine
c1cnc2ncsc2c1,Enamine
SCc1cscn1,Enamine
Cc1ncsc1C,Enamine
CN1CCc2ncsc2C1,Enamine
Brc1ccc2[nH]cnc2n1,Enamine
FC(F)(F)c1[nH]cnc1Br,Enamine
CCOC(=O)c1nc[nH]c1C(F)(F)F,Enamine
Cc1ncsc1Br,Enamine
Cc1nc(Cl)cc(n1)c2cncs2,Enamine
Brc1ccc(nc1)c2cscn2,Enamine
CSc1ccc(cc1)c2cnc[nH]2,Enamine
CC(C)Cc1ccc(cc1)c2cnc[nH]2,Enamine
Fc1cccn2cncc12,Enamine
Clc1ccn2cncc2c1,Enamine
Clc1nccc2ocnc12,Enamine
CC(=O)c1ccc2ncsc2c1,Enamine
Cc1ccnc2nc[nH]c12,Enamine
FC(F)(F)c1nc[nH]c1C(F)(F)F,Enamine
c1csc(c1)c2cnc[nH]2,Enamine
C1Cc2ncsc2C1,Enamine
C[C@@H](c1cnc[nH]1)c2cccc(C)c2C,Enamine
COC(=O)c1ccc2scnc2c1,Enamine
CCOC(=O)c1ccc2scnc2c1,Enamine
Clc1scnc1C#N,Enamine
Cc1ncsc1C#N,Enamine
C1CCc2scnc2C1,Enamine
CC(C)c1cncs1,Enamine
COC(=O)c1ncnc2nc[nH]c12,Enamine
Brc1ocnc1,Enamine
CCOC(=O)c1ncoc1C(C)C,Enamine
COC(=O)c1cccc2ncsc12,Enamine
Brc1cnc2ncoc2c1,Enamine
Brc1cn2cncc2s1,Enamine
CC1(C)CC(=O)c2nc[nH]c2C1,Enamine
O=C1CCCc2[nH]cnc12,Enamine
COC(=O)C=Cc1cnc[nH]1,Enamine
C(N1CCc2ncsc2C1)c3ccccc3,Enamine
c1cnc2ncsc2c1,Enamine
Clc1ccc(cn1)c2cnc[nH]2,Enamine
Clc1ncccc1c2cnc[nH]2,Enamine
Cc1cc(ccn1)c2cnc[nH]2,Enamine
c1cnc(cn1)c2cnc[nH]2,Enamine
Cc1ccc(s1)c2cnc[nH]2,Enamine
Clc1ccc(s1)c2cnc[nH]2,Enamine
Brc1ccc(s1)c2cnc[nH]2,Enamine
CCc1cscn1,Enamine
c1cc(ccn1)c2cscn2,Enamine
Fc1cccc(c1)c2cscn2,Enamine
O=C1CCCc2ncsc12,Enamine
COC(=O)c1ncn2ccccc12,Enamine
Cc1scnc1Br,Enamine
CCOC(=O)c1ncoc1CC,Enamine
CCOC(=O)c1ncoc1c2scnc2C,Enamine
CCOC(=O)c1ncoc1c2cnn(C)c2,Enamine
CC(=O)COCCc1scnc1C,Enamine
CCc1cocn1,Enamine
CCc1ccc(cc1)c2cnc[nH]2,Enamine
Cc1ccc(cc1C)c2cnc[nH]2,Enamine
Cc1ccc(C)c(c1)c2cnc[nH]2,Enamine
Cc1ccc(c(C)c1)c2cnc[nH]2,Enamine
Cc1cc(ccc1F)c2cnc[nH]2,Enamine
C1Cc2ccc(cc2C1)c3cnc[nH]3,Enamine
Cc1cc(C)c(c(C)c1)c2cnc[nH]2,Enamine
COc1ccc(cc1C)c2cnc[nH]2,Enamine
COc1ccc(C)cc1c2cnc[nH]2,Enamine
COc1ccc(F)cc1c2cnc[nH]2,Enamine
CC(C)(C)c1ccc(cc1)c2cnc[nH]2,Enamine
C1COc2cc(ccc2O1)c3cnc[nH]3,Enamine
COc1cc(C)c(C)cc1c2cnc[nH]2,Enamine
COc1ccc(cc1Cl)c2cnc[nH]2,Enamine
COc1ccc(Cl)cc1c2cnc[nH]2,Enamine
COc1ccc(cc1Br)c2cnc[nH]2,Enamine
COc1ccc(Br)cc1c2cnc[nH]2,Enamine
CCOC(=O)c1ncoc1c2ccccc2OC,Enamine
CCOC(=O)c1ncoc1c2ccccc2F,Enamine
CCOC(=O)c1ncoc1c2cccc(F)c2,Enamine
CCOC(=O)c1ncoc1c2cc3CCCc3s2,Enamine
Cc1cc(Br)c2ocnc2c1,Enamine
Clc1cc(Br)cc2ncoc12,Enamine
Clc1cc(Br)cc2ocnc12,Enamine
CCCCc1cscn1,Enamine
Clc1ncnc2scnc12,Enamine
CCOC(=O)c1cc2scnc2[nH]1,Enamine
Brc1ccc(cc1)c2cocn2,Enamine
Clc1nnc(Cl)c2scnc12,Enamine
N#Cc1ccc2ocnc2c1,Enamine
C(C1CCCC1)c2cnc[nH]2,Enamine
COc1cccc2scnc12,Enamine
C#Cc1cncs1,Enamine
COCc1cnc[nH]1,Enamine
Cc1ocnc1C#N,Enamine
Cc1ocnc1Br,Enamine
Cc1ncoc1Br,Enamine
Brc1ocnc1c2ccccc2,Enamine
CCc1ncsc1Br,Enamine
Brc1scnc1C2CC2,Enamine
CCOC(=O)c1ncoc1c2ccnn2C,Enamine
CCOC(=O)c1ncoc1C2CCOCC2,Enamine
O=C(c1ccccc1)c2cscn2,Enamine
Brc1ccc2cncn2c1,Enamine
Cc1ncsc1c2nc3ncc(Br)cc3[nH]2,Enamine
Brc1ccn2cncc2c1,Enamine
Brc1cccn2cncc12,Enamine
Cc1nc(Cl)c2ncsc2n1,Enamine
C#Cc1cscn1,Enamine
FC(F)(F)c1ccc2[nH]cnc2n1,Enamine
C1Cc2nc[nH]c2CO1,Enamine
CC(=O)c1cocn1,Enamine
Cc1ncsc1c2ccncc2,Enamine
Fc1nccc2[nH]cnc12,Enamine
c1cnc2scnc2c1,Enamine
Brc1ccc(cn1)c2cnc[nH]2,Enamine
FC(F)(F)c1ccc(cn1)c2cnc[nH]2,Enamine
Brc1cncc(c1)c2cnc[nH]2,Enamine
COc1cncc(c1)c2cnc[nH]2,Enamine
Brc1ncccc1c2cnc[nH]2,Enamine
c1cc2scnc2cn1,Enamine
N#Cc1ccc(cc1)c2cscn2,Enamine
N#Cc1cccc(c1)c2cscn2,Enamine
CCOC(=O)c1noc(n1)c2cscn2,Enamine
CCOC(=O)c1noc(n1)c2scnc2C,Enamine
CCOC(=O)Cc1cnc[nH]1,Enamine
COc1cnc[nH]1,Enamine
CC(=O)c1ocnc1,Enamine
Brc1ncsc1C2CC2,Enamine
Clc1ncsc1Cl,Enamine
CC(C)(C)c1cnc[nH]1,Enamine
CCOC(=O)C1CCCc2scnc12,Enamine
CCC(=O)c1cscn1,Enamine
CC(=O)Cc1cscn1,Enamine
CC(=O)Cc1cncs1,Enamine
C=CC(=O)c1cncs1,Enamine
O=C1CCCc2scnc12,Enamine
C1Cc2ncsc2CO1,Enamine
Sc1cscn1,Enamine
Clc1ncsc1C#N,Enamine
CN(C)Cc1cncs1,Enamine
Fc1ccc(nc1)c2cnc[nH]2,Enamine
Ic1cocn1,Enamine
CCc1ocnc1,Enamine
CC(C)c1cnc[nH]1,Enamine
SCCc1cnc[nH]1,Enamine
CC(C)Cc1cnc[nH]1,Enamine
CCCc1cnc[nH]1,Enamine
CCC(C)(C)c1cnc[nH]1,Enamine
CSCc1cnc[nH]1,Enamine
CC(C)OCc1cnc[nH]1,Enamine
CCSCc1cnc[nH]1,Enamine
SCc1cnc[nH]1,Enamine
Cc1ncsc1c2ccc(Cl)cc2,Enamine
Cc1ncsc1c2cccnc2,Enamine
Cc1ncsc1c2cccs2,Enamine
Cc1ncsc1c2ccc(F)cc2,Enamine
Cc1ncsc1c2cccc(Cl)c2,Enamine
Cc1ncsc1c2ccc(Cl)cc2,Enamine
Cc1ncsc1c2cccc(Br)c2,Enamine
Fc1cccc2ncoc12,Enamine
Fc1cc2ocnc2cc1F,Enamine
Cc1cc(Br)cc2ncoc12,Enamine
Fc1cc(Br)cc2ncoc12,Enamine
CC(C)(C)c1cc(Br)cc2ncoc12,Enamine
c1cn2cncc2s1,Enamine
Ic1ncn2ccsc12,Enamine
Brc1cnc2ncsc2c1,Enamine
Brc1ncsc1Br,Enamine
Clc1nccn2cncc12,Enamine
COC(=O)c1ncsc1SCc2ccccc2,Enamine
CCOC(=O)c1ncn2c(Br)cccc12,Enamine
CCOC(=O)c1ocnc1Br,Enamine
CC(C)(C)c1cscn1,Enamine
COC(=O)C#Cc1scnc1C,Enamine
COC(=O)C#Cc1cscn1,Enamine
C1CN(CCO1)c2ccc(cc2)c3cnc[nH]3,Enamine
CCN(CC)c1ccc(cc1)c2cnc[nH]2,Enamine
C(N1CCOCC1)c2ccc(cc2)c3cnc[nH]3,Enamine
Clc1ncc2ncsc2n1,Enamine
C(c1ccccc1)c2cnc[nH]2,Enamine
COC(=O)c1ccn2cncc2c1,Enamine
CC(C)(C)c1ocnc1,Enamine
C1CN(C1)c2ncnc3nc[nH]c23,Enamine
FC(F)(F)c1nc(Cl)c2[nH]cnc2n1,Enamine
CN(C)c1nc(Cl)nc2nc[nH]c12,Enamine
CCc1cnc[nH]1,Enamine
CCc1scnc1C,Enamine
CCc1nc[nH]c1Cl,Enamine
C(c1cnc[nH]1)c2cccs2,Enamine
C(c1ccsc1)c2cnc[nH]2,Enamine
c1cc(cs1)c2cnc[nH]2,Enamine
CCOC(=O)C(C)(C)c1cnc[nH]1,Enamine
C(Cc1cnc[nH]1)N2CCOCC2,Enamine
CC1(CCCCC1)c2cnc[nH]2,Enamine
C(Cc1cnc[nH]1)N2CCCC2,Enamine
CC1Cc2nc[nH]c2CC1C,Enamine
Cc1cc(cnc1Cl)c2cnc[nH]2,Enamine
Cc1ncccc1c2cnc[nH]2,Enamine
C1CCCC(CC1)c2cnc[nH]2,Enamine
Cc1cc(ccc1Cl)c2cnc[nH]2,Enamine
Cc1cccc(C)c1c2cnc[nH]2,Enamine
Clc1cc2[nH]cnc2nc1Cl,Enamine
c1ccc2c(ccnc2c1)c3cnc[nH]3,Enamine
C1C(Cc2ccccc12)c3cnc[nH]3,Enamine
COCc1ccc(cc1)c2cnc[nH]2,Enamine
CC(C)(c1ccccc1)c2cnc[nH]2,Enamine
c1csc(n1)c2cnc[nH]2,Enamine
CSc1cccc(c1)c2cnc[nH]2,Enamine
CSc1ccccc1c2cnc[nH]2,Enamine
COc1ncccc1c2cnc[nH]2,Enamine
COc1cccc(n1)c2cnc[nH]2,Enamine
Cc1cnc(cn1)c2cnc[nH]2,Enamine
CC(=O)c1ccc(cc1)c2cnc[nH]2,Enamine
c1ccc2c(cccc2c1)c3cnc[nH]3,Enamine
Clc1ncnc2c1sc3ncsc23,Enamine
Fc1cc(OCc2cscn2)ccc1Br,Enamine
Brc1cnn(c1)c2cscn2,Enamine
C#Cc1cnc[nH]1,Enamine
FC(F)(F)c1cnc[nH]1,Enamine
CC(=O)CCc1cscn1,Enamine
C(c1ccccc1)c2cscn2,Enamine
CC(=O)c1scnc1Br,Enamine
CC(=O)CCc1ocnc1,Enamine
C1CC(c2cnc[nH]2)c3ccccc3C1,Enamine
FC(F)(F)C(F)(F)C(F)(F)c1cnc[nH]1,Enamine
Clc1ncc2[nH]cnc2n1,Enamine
COC(=O)C(C)c1cncs1,Enamine
CCc1ncsc1C(=O)OC,Enamine
Brc1cccc(c1)c2cocn2,Enamine
Clc1cncc2[nH]cnc12,Enamine
Cc1nc[nH]c1Br,Enamine
CCOC(=O)c1ncsc1Cl,Enamine
Clc1nccc2ocnc12,Enamine
Brc1ccc2ocnc2n1,Enamine
COC(=O)c1scnc1C2CC2,Enamine
FC(F)(F)c1cncs1,Enamine
COC(=O)c1ccc2cncn2c1,Enamine
CC(C)c1cncs1,Enamine
Fc1ccc2cncn2c1,Enamine
Fc1ccn2cncc2c1,Enamine
N#Cc1ccc2cncn2c1,Enamine
N#Cc1ccn2cncc2c1,Enamine
Cc1cc(Br)cc2cncn12,Enamine
COC(=O)c1ccc(Br)n2cncc12,Enamine
COC(=O)c1c(Cl)ccc2cncn12,Enamine
Fc1cc(Br)cc2cncn12,Enamine
Fc1cn2cncc2cc1Br,Enamine
Clc1ccc(Br)c2cncn12,Enamine
COC(=O)c1ncn2c(C)cc(Cl)cc12,Enamine
Clc1ccnc(n1)c2cncs2,Enamine
c1nc(cs1)c2nn[nH]n2,Enamine
O=C(C1CC1)c2cscn2,Enamine
CC(C)CC(=O)c1cscn1,Enamine
CC(C)(C)CCC(=O)c1cscn1,Enamine
CC(C)C(=O)c1cscn1,Enamine
CCCCC(=O)c1cscn1,Enamine
Clc1ccccc1CC(=O)c2cscn2,Enamine
CCCC(=O)c1cscn1,Enamine
C=CC(=O)c1cscn1,Enamine
CCC(=N)c1cscn1,Enamine
Brc1ccnc2ncoc12,Enamine
CCOC(=O)c1noc(n1)c2ocnc2C,Enamine
CC(C)(C)Cc1cnc[nH]1,Enamine
CCCc1[nH]cnc1C(=O)OCC,Enamine
Cc1cccc2ocnc12,Enamine
Cc1ncn2cc(Br)ccc12,Enamine
Clc1[nH]cnc1Br,Enamine
COC(=O)c1ccc(cc1)c2cnc[nH]2,Enamine
CC(C)C(c1ccccc1)c2cnc[nH]2,Enamine
COC(=O)c1csc(c1)c2cnc[nH]2,Enamine
COC(=O)c1cc2scnc2[nH]1,Enamine
CC(=O)CCc1cncs1,Enamine
CC(=O)CCc1scnc1C,Enamine
N#Cc1ccc2nc([nH]c2c1)c3cscn3,Enamine
CC(C)N1CCc2ncsc2C1,Enamine
Cc1ncsc1c2ocnc2,Enamine
Fc1ccc2ncoc2c1Br,Enamine
Clc1ccc2c(c1)nc(Cl)c3cncn23,Enamine
CCc1cncs1,Enamine
Fc1cccc2ocnc12,Enamine
COC(=O)c1oc(nn1)c2cscn2,Enamine
FC(F)(F)C(=O)Cc1cncs1,Enamine
COC(=O)c1ncoc1C(C)C,Enamine
C1CC1c2ocnc2,Enamine
Brc1cnc2cncn2c1,Enamine
CC(C)c1ocnc1,Enamine
CC(C)(C)c1ocnc1,Enamine
c1cnn2cncc2c1,Enamine
Ic1ncn2ccccc12,Enamine
Cc1ocnc1,Enamine
CC(C)(C)c1ccc2ocnc2c1,Enamine
Fc1ccc2ncoc2c1,Enamine
C=Cc1cncs1,Enamine
Clc1nc2ccccc2n3cncc13,Enamine
CSc1cncs1,Enamine
Fc1cccc(c1)c2cncs2,Enamine
COC(=O)C1CCc2nc[nH]c2C1,Enamine
Clc1nccn2cnc(c3ccccc3)c12,Enamine
Fc1c(Br)ccc2ncoc12,Enamine
Brc1ncoc1c2ccccc2,Enamine
CN(C)C=CC(=O)c1cscn1,Enamine
FC(F)(F)c1cncs1,Enamine
C1CC1c2cocn2,Enamine
FC(F)(F)Cc1cnc[nH]1,Enamine
Clc1ncc(Br)n2cncc12,Enamine
Cc1ncsc1C#C,Enamine
Cc1[nH]cnc1CS,Enamine
Brc1nc(Br)c2[nH]cnc2n1,Enamine
Clc1cccc2ncoc12,Enamine
FC(F)(F)c1cocn1,Enamine
CCc1csc(n1)c2cnc[nH]2,Enamine
Clc1cscn1,Enamine
Cc1scnc1Br,Enamine
C1OC1c2cnc[nH]2,Enamine
CCOC(=O)c1ncoc1Br,Enamine
Cc1ncsc1C(=O)C=C,Enamine
CCc1cnc[nH]1,Enamine
c1ncc([nH]1)c2cscn2,Enamine
Brc1ccc2ocnc2n1,Enamine
C(c1ocnc1)c2ccccc2,Enamine
Brc1cncs1,Enamine
Clc1ccc2ocnc2n1,Enamine
Clc1nccc2c(Br)ncn12,Enamine
Brc1cnc2ncsc2c1,Enamine
CC(F)(F)c1cscn1,Enamine
COC(=O)C=Cc1cocn1,Enamine
CC(C)c1cnc[nH]1,Enamine
CC(C)(C)c1cnc[nH]1,Enamine
Clc1cnc2nc[nH]c2c1Br,Enamine
C=Cc1ocnc1,Enamine
C#Cc1ocnc1,Enamine
SCc1cocn1,Enamine
CC(=O)Cc1cnc[nH]1,Enamine
Clc1nc(I)c2[nH]cnc2n1,Enamine
C#CCc1ocnc1,Enamine
Cc1ncsc1CCS,Enamine
Cc1cc2scnc2cc1Br,Enamine
Cc1[nH]cnc1C=C,Enamine
C=CC(=O)c1cnc[nH]1,Enamine
COC(=O)c1ocnc1Br,Enamine
Cc1ncsc1S,Enamine
FC(F)(F)c1ncsc1Br,Enamine
Cc1ccc(Br)c2ncsc12,Enamine
Cc1cc(Br)cc2scnc12,Enamine
Brc1ncsc1Br,Enamine
Cc1cccc2ncoc12,Enamine
Clc1ccc(cc1)c2cncs2,Enamine
CC(C)(C)C1CCc2ncsc2C1,Enamine
CCSc1ncn2ccccc12,Enamine
Cc1ncsc1c2ccc(cc2)C#N,Enamine
Cc1ccc(cc1)c2nc[nH]c2Cl,Enamine
C1CC(C1)c2cnc[nH]2,Enamine
C1CC(CCO1)c2cnc[nH]2,Enamine
C1COC(C1)c2cnc[nH]2,Enamine
Cc1cnc[nH]1,Enamine
COC=Cc1cncs1,Enamine
Brc1ncn2ccccc12,Enamine
COC(=O)C(C)c1cscn1,Enamine
o1cncc1c2cnc[nH]2,Enamine
o1cncc1c2cn[nH]c2,Enamine
Fc1ccc(F)c(Cc2cnc[nH]2)c1,Enamine
Fc1cccc(Cc2cnc[nH]2)c1,Enamine
o1cnc2cnccc12,Enamine
Clc1ccc2c(Br)ncn2c1,Enamine
c1cn2cncc2cn1,Enamine
Brc1cnc[nH]1,Enamine
Brc1cc2ocnc2cn1,Enamine
c1cnc(nc1)c2cnc[nH]2,Enamine
COc1ccccc1Cc2cnc[nH]2,Enamine
Fc1cccn2cnc(Br)c12,Enamine
O=C(c1ccccc1)c2cocn2,Enamine
CCC(=O)c1cocn1,Enamine
CC(S)c1cscn1,Enamine
CC1CCc2ncsc2C1,Enamine
FC(F)(F)c1ocnc1,Enamine
Brc1cocn1,Enamine
C#Cc1cocn1,Enamine
FC(F)(F)C(=O)c1cscn1,Enamine
Cc1nc[nH]c1C,Enamine
FC(F)(F)c1cocn1,Enamine
C(c1onc(n1)C2CCOCC2)c3cnc[nH]3,Enamine
C1CC1c2cocn2,Enamine
Brc1sccc1Cc2cnc[nH]2,Enamine
Cc1cn2cncc2nc1C(F)(F)F,Enamine
C1CC1c2ncn3ccccc23,Enamine
FC(F)(F)c1ccccc1c2ncn3ccccc23,Enamine
Cc1cccc(c1)c2ncn3ccccc23,Enamine
COc1cccc(c1)c2ncn3ccccc23,Enamine
N#Cc1cccc(c1)c2ncn3ccccc23,Enamine
Cc1ncc(s1)c2ncn3ccccc23,Enamine
Cc1ccn2cnc(Br)c2c1,Enamine
CCCc1cocn1,Enamine
Fc1ccc2ncsc2n1,Enamine
CCOC(=O)c1[nH]cnc1C2CC2,Enamine
C#CCc1cscn1,Enamine
FC(F)(F)c1cc(Br)cc2ncoc12,Enamine
COC(=O)c1ccc2c(Br)ncn2c1,Enamine
CCOC(=O)c1ncnc2nc[nH]c12,Enamine
Cn1cc(c2cncs2)c(n1)C#N,Enamine
CCn1cc(c2cncs2)c(n1)C#N,Enamine
Fc1nc(ccc1C#N)c2cncs2,Enamine
Cc1ncsc1I,Enamine
Cn1cc(cn1)c2cnc[nH]2,Enamine
CC(C)(C)c1cocn1,Enamine
Cc1cc(C)c2ocnc2c1,Enamine
Brc1cnc2ncoc2c1,Enamine
Clc1ccnc2ncoc12,Enamine
Cc1cnc2ncoc2c1,Enamine
Clc1cnc2ncoc2c1,Enamine
Cc1ccnc2ncoc12,Enamine
Brc1ccnc2ncoc12,Enamine
COC(=O)c1cnc2ncoc2c1,Enamine
Clc1ccc2ocnc2n1,Enamine
FC(F)(F)c1cnc2ncoc2c1,Enamine
Cc1ccc2ocnc2n1,Enamine
COC(=O)c1cnc2ncoc2c1,Enamine
Brc1cncc2ncoc12,Enamine
Clc1cc2ocnc2cn1,Enamine
Brc1cc2ocnc2cn1,Enamine
Cc1cc2ocnc2cn1,Enamine
Clc1cc2ocnc2cn1,Enamine
CCOC(=O)c1ccnc(n1)c2cscn2,Enamine
CCOC(=O)c1ccnc(n1)c2cncs2,Enamine
Cc1ccc(cc1F)c2cscn2,Enamine
COc1cc(F)cc(c1)c2cscn2,Enamine
Fc1nc(ccc1C#N)c2cscn2,Enamine
Fc1cccc(c1F)c2cocn2,Enamine
CC(C)(C)c1cocn1,Enamine
Clc1nc(N2CCCCC2)c3[nH]cnc3n1,Enamine
CN(C)c1cc2nc[nH]c2cn1,Enamine
C1CN(C1)c2cc3nc[nH]c3cn2,Enamine
CCN(C)c1cc2nc[nH]c2cn1,Enamine
Brc1nnc2c3[nH]cnc3ncn12,Enamine
CCOC(=O)C#Cc1ocnc1,Enamine
CCOC(=O)C#Cc1cncs1,Enamine
CCOC(=O)C#Cc1scnc1C,Enamine
CCOC(=O)C#Cc1cnc[nH]1,Enamine
CCOC(=O)C#Cc1cscn1,Enamine
CCOC(=O)C#Cc1cocn1,Enamine
CCOC(=O)C#Cc1ocnc1C,Enamine
COC(=O)C#Cc1ocnc1,Enamine
COC(=O)C#Cc1cncs1,Enamine
COC(=O)C#Cc1cnc[nH]1,Enamine
COC(=O)C#Cc1cocn1,Enamine
COC(=O)C#Cc1ocnc1C,Enamine
Cc1ncoc1C#C,Enamine
CCc1nc[nH]c1C#C,Enamine
CCOC(=O)C(F)(F)Cc1cscn1,Enamine
CCOC(=O)C(F)(F)Cc1cnc[nH]1,Enamine
CCOC(=O)C(F)(F)Cc1cncs1,Enamine
Cc1ncsc1Br,Enamine
Clc1c(Br)ccc2ocnc12,Enamine
COC(=O)c1cncc2[nH]cnc12,Enamine
N#Cc1sccc1c2cnc[nH]2,Enamine
CCOC(=O)CCc1ncoc1C(C)C,Enamine
SCc1cc(on1)c2cncs2,Enamine
SCc1cc(on1)c2cscn2,Enamine
Fc1c(Br)cccc1c2cnc[nH]2,Enamine
CCOC(=O)c1noc(n1)c2cnc[nH]2,Enamine
CCOC(=O)c1noc(n1)c2cncs2,Enamine
CC(C)Cc1cocn1,Enamine
Fc1ccn2cnc(Br)c2c1,Enamine
Cc1cnc2ncsc2c1,Enamine
FC(F)(F)c1cnc2ncsc2c1,Enamine
FC(F)(F)c1ncsc1Br,Enamine
CC(C)c1ncsc1Br,Enamine
Brc1scnc1CC2CC2,Enamine
CC(C)(Br)c1ncsc1Br,Enamine
Fc1ccc2c(Br)ncn2c1,Enamine
CC(C)c1cccc2c(Br)ncn12,Enamine
Cc1ccc2scnc2n1,Enamine
Fc1cnc2ncsc2c1,Enamine
FC(F)(F)c1ccc2scnc2n1,Enamine
Fc1ccc2scnc2n1,Enamine
CC(C)(C)c1ncsc1Br,Enamine
Brc1scnc1C2CC2,Enamine
CCCc1ncsc1Br,Enamine
Brc1scnc1C2CCC2,Enamine
Ic1ocnc1,Enamine
Brc1cscn1,Enamine
CC1(C)CCc2ncsc2C1,Enamine
C1CC(C1)c2ocnc2,Enamine
CCCc1cocn1,Enamine
CC1CCc2ncsc2C1,Enamine
COc1nc(OC)c2scnc2n1,Enamine
CCOC(=O)c1ncoc1c2csc(C)n2,Enamine
Clc1nc2scnc2s1,Enamine
COc1ncsc1Br,Enamine
Brc1scnc1Cc2ccccc2,Enamine
CCOC(=O)c1ncoc1c2scc(C)c2Cl,Enamine
COC(=O)c1ccc(Br)c2ncsc12,Enamine
FC(=Cc1cccc2scnc12)F,Enamine
Brc1ncn2ccncc12,Enamine
Brc1ncoc1C2CC2,Enamine
CC(C)(C)c1ocnc1Br,Enamine
CCOC(=O)c1cnc2cncn2c1,Enamine
C(c1ccccc1)c2cncs2,Enamine
CC(=O)c1ccc(cc1Cl)c2scnc2C,Enamine
SCc1cncs1,Enamine
COC(=O)c1ncn2cccc(C)c12,Enamine
COC(=O)c1ncn2cc(C)ccc12,Enamine
CN(Cc1cscn1)C(C)(C)C#C,Enamine
CCC(=O)c1ocnc1,Enamine
C#Cc1ncoc1C2CC2,Enamine
Cc1ocnc1C#C,Enamine
Brc1cnccc1c2ocnc2,Enamine
Clc1cn2cncc2cn1,Enamine
COc1ncsc1C,Enamine
COc1nc(Cl)ccc1c2cnc[nH]2,Enamine
Cc1noc(n1)c2cnc[nH]2,Enamine
COC(=O)Cc1scnc1C(F)(F)F,Enamine
FC1(F)CCc2nc[nH]c2C1,Enamine
Clc1ccc2scnc2n1,Enamine
Cc1ncc2[nH]cnc2c1C,Enamine
Brc1ncn2ccsc12,Enamine
C#Cc1ccnc2nc[nH]c12,Enamine
C#Cc1ccc(cc1)c2cnc[nH]2,Enamine
CC(S)c1cncs1,Enamine
SCCc1cscn1,Enamine
CCCCc1ocnc1,Enamine
CC(=O)Cc1ocnc1,Enamine
Cc1ncsc1CS,Enamine
Sc1scnc1C2CC2,Enamine
Cc1ncsc1CC#C,Enamine
CC(S)c1scnc1C,Enamine
SCCCc1cncs1,Enamine
SCCc1cncs1,Enamine
SCc1scnc1Cl,Enamine
C#CCCc1cncs1,Enamine
CC1(CO1)c2cncs2,Enamine
CC(C#C)c1cncs1,Enamine
C#CCc1cncs1,Enamine
SCc1ocnc1,Enamine
C1O[C@@H]1c2ocnc2,Enamine
C#CCCc1cscn1,Enamine
CC1(CO1)c2cscn2,Enamine
CC(C#C)c1cscn1,Enamine
C1O[C@H]1c2ocnc2,Enamine
SCCCc1ocnc1,Enamine
SCCc1ocnc1,Enamine
CCC(C)c1cnc[nH]1,Enamine
C#CCCc1ocnc1,Enamine
CC(F)(F)c1cnc[nH]1,Enamine
CSCCc1cnc[nH]1,Enamine
CCC(=O)c1cnc[nH]1,Enamine
CC1(CC1)c2cnc[nH]2,Enamine
CC1(CO1)c2ocnc2,Enamine
CC(C#C)c1ocnc1,Enamine
Cc1[nH]cnc1CCS,Enamine
C1O[C@@H]1c2cnc[nH]2,Enamine
SCCCc1cnc[nH]1,Enamine
CC(C)(F)c1cnc[nH]1,Enamine
C=CC(=O)c1ocnc1,Enamine
Cc1[nH]cnc1CC#C,Enamine
Cc1nc[nH]c1C#C,Enamine
C#CCCc1cnc[nH]1,Enamine
CC1(CO1)c2cnc[nH]2,Enamine
CC(C#C)c1cnc[nH]1,Enamine
C#CCc1cnc[nH]1,Enamine
SCCCc1cscn1,Enamine
CC(=C)c1cnc[nH]1,Enamine
CC1(CO1)c2cocn2,Enamine
COC(=O)c1scc2[nH]cnc12,Enamine
Clc1cncs1,Enamine
COC1CN(Cc2cncs2)CCC1C,Enamine
FC(F)(c1ccccc1)c2cnc[nH]2,Enamine